kb_id,kb_title,kb_category,chunk_excerpt,language,created_at
83d5f79b-3d30-492e-aca2-3a9ba6a97587,"ุฅุฌุฑุงุกุงุช ุงูุชุญููู",autre,"ุงููุณุชุฏุนู ูุณูู ุฎุงุฑุฌ ุงูุฌูููุฑูุฉ ูููู ุงูุงุฌู 30 ููู. ูุชูู ุชุณููู ุงูุงุณุชุฏุนุงุก ุงูู ุงููุณุชุฏุนู ููุณู ููุงู ููููู ููุงู ุดุฎุต ุณุงูู ูุนุงู ุจุดุฑุท ุงููู ุชููู ุนูุฏู ุงููุฏุฑุฉ ุจุงุด ูููู ูููุฏูุฑ ุงูุณูุงู. ุงูุดุฎุต ุงููู ุชูู ุงุณุชุฏุนุงุค ูุงุฒู ูุตุญุญู ุนูู ุงูุงุณุชุฏุนุงุก ููุงู ุฑูุถ ููุงู ูุงู ูุด ูุงุฏุฑ ุจุงุด ูุตุญูุญ ูุงุฒู ูุชูู ุงูุชูุตูุต ุนูู ุฐูู. ุงุณุชุฑุฏุงุฏ ุงูุญููู ุงุฌุฑุงุก ูููู ูุชูุชุน ุจูู ุงู ุดุฎุต ูุญููู ุนููู ูุจุตูุฉ ูุฑุฏูุฉ (ุนูู ุนูุณ ุงูุนูู) ูุชุฑุชุจ ุนููู ูุญู ุงูุนููุจุงุช ุงููุญููู ุจูุง ูุงู ุญุงุฌุฉ ูููู ุชูุฌูุฑ ุนูููุง (ุชุญุฌูุฑ ุณูุฑ โฆ.) ููุชูู ุงูุชูุตูุต ุนูู ูุฐุง ูู ุงูุณุฌู ุงูุนุฏูู. ุงูุนููุจุงุช ุงููู ุชู ูุญููุง ",AR,Wed Feb 11 2026 22:30:28 GMT+0100 (heure normale dโEurope centrale)
d8a9a91c-09f4-40c1-8bfb-e475e1cd2b81,"ุงูุฃูุฑุงู ุงูุชุฌุงุฑูุฉ",autre,"ุงูุงุฌู ุงู ูููู ุจุทูุจ ุงูุงุฐู ูุชุงููู ูุจูุบูุง ุนูู ูููุฉ ุงูุญุงูู. ุจ. ููุถูุน ุงูููุงุก: ููุถูุน ุงูููุงุก ูู ุงูููุฏุงุฑ ุงููุงูู ุงูุฐู ุณูุฏูุนู ุงููุฏูู ุจุงูููุจูุงูุฉ ูุฎูุงุต ูุจูุบูุง ููุงูุนุชุจุฑ ุงูููุงุก ุชุงูุง ุงูุง ุงุฐุง ุดูู ูุจูุบ ุงูููุจูุงูุฉ ูุงูููุงุฆุฏ ุงููุชุฑุชุจุฉ ุนููุง ูุงููุตุงุฑูู ุงููุงูุน ุฏูุนูุง ูุงุณุชุฎูุงุต ูููุชูุง ููู ุงููุตุงุฑูู ุงูุชู ุจุฐููุง ุงูุญุงูู ุจููุฌุจ ุชูู ุงููุฑูุฉ ุงูุชุฌุงุฑูุฉ. ุฌ. ุงุซุงุฑ ุงูููุงุก ุจุงูููุจูุงูุฉ: ุงูุชุถุช ุงูููุฑุฉ ุงูุงุฎูุฑุฉ ูู ุงููุตู 296 ู ุช ุจุงู ""ูู ูุฏูุน ุนูุฏ ุงูุญููู ุจุฑุฆุช ุฐูุชู ุนูู ุงููุฌู ุงูุตุญูุญ ุงูุง ุงุฐุง ูุงู ูุฏ ุงุฑุชูุจ ุชุฏููุณ ุงู ุฎุทุง ูุงุญุดุง ููุฌุจ ุนููู ุงู ูุณุชูุซู ูู ุตุญุฉ ุชุณ",AR,Wed Feb 11 2026 22:27:51 GMT+0100 (heure normale dโEurope centrale)
2f3496b1-2051-4ca4-8697-cb68402b3d03,"ุงูุณุฌูู ุงูุชููุณูุฉ ุจููู ุงูุฃุณุชุงุฐ ุฎุงูุฏ ุงููุคุฏุจ โ ุนุฏู ุงุดูุงุฏ",autre,"random ุงุฎุฑ ุงูุงุฎุจุงุฑ random ุฌุงุฑู ุงูุชุญููู ... ุงูุณุฌูู ุงูุชููุณูุฉ ุจููู ุงูุงุณุชุงุฐ ุฎุงูุฏ ุงููุคุฏุจ - ุนุฏู ุงุดูุงุฏ ๏ ุงูุฐุฎูุฑุฉ ุงููุงููููุฉ ๏ณ ููููู 21, 2021 ๏ผ ุงูุตูุญุฉ ุงูุฑุฆูุณูุฉ ูุณู ุงูุนููู ุงูุฌูุงุฆูุฉ ูุณู ุงููุงููู ุงูุฎุงุต ููุงูุงุช ููุฏ ุงุนุชูุฏ ุงููุธุงู ุงูุนูุงุจู ุงููุฏูู ุงุณุงุณุง ุนูู ุงูุนููุจุงุช ุงูุจุฏููุฉ ูุงููุชู ู ุงูุฌูุฏ ู ุงููุทุนุ ู ูุงูุช ุงูุณุฌูู ูุฌุฑุฏ ุงูุงูู ูุญุฌุฒ ูููุง ุงููุชูู ูู ุงูุชุธุงุฑ ุชูููุฐ ุงูุนููุจุฉ ุงูุจุฏููุฉ ุนููู. ู ุจุชุทูุฑ ุงูุณูุงุณุฉ ุงูุนูุงุจูุฉ ููุน ุงูุชุฎูุต ูู ุงูุนููุจุงุช ุงูุจุฏููุฉ ู ุงุณุชุจุฏุงููุง ุจุงูุนููุจุฉ ุงูุณุงูุจุฉ ููุญุฑูุฉ (ุนููุจุฉ ุงูุณุฌู). ูู ุงูููุช ุงูุญุงุถุฑ ุฌููุน ุงูุงูุธูุฉ ุงูุนูุง",AR,Wed Feb 11 2026 21:52:48 GMT+0100 (heure normale dโEurope centrale)
4a050ef4-404a-4bc6-8ae7-ebe9a834a449,"ุดุฑูุท ุงูุทูุนู ุจุงูุชูุงุณ ุฅุนุงุฏุฉ ุงูููุธุฑ : ูุญู ุงูุทูุนู ุจุงูุชูุงุณ ุฅุนุงุฏุฉ ุงูููุธุฑ",autre,"ุงูุชูุญููู ุงูุฏูููู ูุงูู ูุฌููุฉ ุงูุชูุญููู ูุฏ ุณูุชุช ุนู ุงูุทูุนู ุจุงูุชูุงุณ ุงุนุงุฏุฉ ุงูููุธุฑ ุถุฏู ุงููุฑุงุฑุงุช ุงูุชูุญูููููุฉ ุงูุตูุงุฏุฑุฉ ูู ูุงุฏูุฉ ุงูุชูุฌุงุฑุฉ ุงูุฏูููููุฉ. ู ูุจุฏู ุงูู ุฏุนูุฉ ุงูุงุณุชุงุฐ ูุญููุฏ ุงูุนุฑุจู ูุงุดู ููุญูุงุธ ุนูู ุงูุทูุนู ุจุงูุชูุงุณ ุงุนุงุฏุฉ ุงูููุธุฑ ูุง ุชุดูู ููุท ูุงุฏูุฉ ุงูุชูุญููู ุงูุฏูุงุฎูู ุจู ุงูุถุง ุงูุชูุญููู ุงูุฏูููู. ู ูุง ุฏููุง ุนูู ุงูุณูุงุญุฉ ุงูุฏููููุฉุ ูุงููู ุชุฌุฏุฑ ุงูุงุดุงุฑุฉ ูููุง ูุฎุตู ูุฐู ุงููููุทุฉ ุงูู ุงู ุงูููุงููู ุงูููุงุฑูุฉ ูุฏ ุงุฎุชููุช ูู ุดุงููุง ูููุงู ูู ุงูุงูุธูุฉ ุงููุงูููููุฉ ูู ูุฑูุณ ูุฐุง ุงูุทูุนู ุถุฏู ุงููุฑุงุฑุงุช ุงูุชูุญูููููุฉ ุงูุฏูููููุฉ ู ููุงู ูู ุฑูุถ ุฐูู. ",AR,Wed Feb 11 2026 21:10:08 GMT+0100 (heure normale dโEurope centrale)
4b4893c1-eb90-423f-b441-4ccc8bd99db1,"ุดูุนูุงูุง ุงููุถุงุก ุงููุงูู",autre,"random ุงุฎุฑ ุงูุงุฎุจุงุฑ random ุฌุงุฑู ุงูุชุญููู ... ุดูุนูุงูุง ุงููุถุงุก ุงููุงูู ๏ ุงูุฐุฎูุฑุฉ ุงููุงููููุฉ ๏ณ ุณุจุชูุจุฑ 28, 2020 ๏ผ ุงูุตูุญุฉ ุงูุฑุฆูุณูุฉ ุดูุนูุงูุง ูุณู ุงููุงููู ุงูุฎุงุต ูุณู ุทูุจุงุช ุงูุงุนุถุงุก ุชุนุฑูู ุงููุถุงุก ุงููุงูู: ูู ุงููุถุงุก ุงูุฐู ููุงุฑุณ ููู ุงููุงุถู ุงูุงุฏุงุฑู ุงูุณุน ุณูุทุงุชู ุงุฐ ูุฌูุฒ ูู ุงู ูุนุฏู ุงูู ููุบู ูุฑุงุฑ ุงูุงุฏุงุฑุฉ ูุง ููุท ูุนุฏู ุงูุดุฑุนูุฉ ุจู ุญุชู ูุนุฏู ููุงุฆูุชู ููุง ูููู ุงู ูุญู ูุฑุงุฑู ูุฑุงุฑ ุงูุงุฏุงุฑุฉ ู ุงู ููุฑ ุงูุชุฒุงูุงุช ุนูู ุนุงุชููุง ุงู ุงู ูุตูุฑูุง ูุฏููุฉ ู ููุถู ุจุงูุชุนููุถ ูุงูุฑุงุฏ. ูุดูู ุงููุถุงุก ุงููุงูู ููุงุฒุนุงุช ูุฎุชูู ุงูุนููุฏ ุงูุชู ุชุณูุฑ ุงููุฑุงูู ุงูุนุงูุฉ ู ูุฎุชูู ุง",AR,Wed Feb 11 2026 23:25:27 GMT+0100 (heure normale dโEurope centrale)
b7b62db0-1da5-4a2c-b8ea-67a34f3fc425,"ุทุฑู ุงูุชูููุฐ : ุงูุฌุฒุก ุงูุฎุงูุณ : ุงูุนููุฉ ุงูุนูุงุฑูุฉ",autre,"random ุงุฎุฑ ุงูุงุฎุจุงุฑ random ุฌุงุฑู ุงูุชุญููู ... ุทุฑู ุงูุชูููุฐ : ุงูุฌุฒุก ุงูุฎุงูุณ : ุงูุนููุฉ ุงูุนูุงุฑูุฉ ๏ ุงูุฐุฎูุฑุฉ ุงููุงููููุฉ ๏ณ ููุงูุฑ 02, 2021 ๏ผ ุงูุตูุญุฉ ุงูุฑุฆูุณูุฉ ุดูุนูุงูุง ูุณู ุงููุงููู ุงูุฎุงุต ูุณู ุทูุจุงุช ุงูุงุนุถุงุก ููุงุธุฑุฉ ุนุฏูู ุงูุชูููุฐ ุงูู ุฎุงุตูุฉ ุชุชููุฒ ุจูุง ูุฐู ุงูุนููุฉ ูู ุงููุง ุนููุฉ ูุถุงุฆูุฉ ุงู ุงููุง ุชุชู ูู ุงูู ุงูู ุงุฎุฑ ุงุฌุฑุงุก ูููุง ุงูุงู ุงููุญููุฉ. ู ุงููุญููุฉ ุงููุฎุชุตุฉ ููุง ูู ุฏุงุฆุฑุฉ ุงูุจููุนุงุช ุงูุนูุงุฑูุฉ ูุฏู ุงููุญููุฉ ุงูุงุจุชุฏุงุฆูุฉ ุงูุชู ููุน ุจุฏุงุฆุฑุชูุง ุงูุนูุงุฑ ุงููุนููู. ู ุชุชู ุงุฌุฑุงุกุงุช ุงูุนููุฉ ุงูุนูุงุฑูุฉ ููุง ููู: - ูุฑุญูุฉ ูุญุถุฑ ุงูุนููุฉ (ุงุฌุฑุงุก ูุญุถุฑ). - ูุฑุญูุฉ ุงูุง",AR,Wed Feb 11 2026 23:25:32 GMT+0100 (heure normale dโEurope centrale)
d387f287-3c95-400b-8d7a-0fd856dbf224,"1eฬre partie.doc",google_drive,"ุงูุซุงููุฉ: ุงุฐุง ุซุจุช ุงูู ูุงููู ุงูุฏููุฉ ุงููุทููุจ ูููุง ุงูุชุณููู ูุงู ูุนุงูุจ ุนูู ุงููุนู ููุถูุน ุงูุชุณููู ูู ุชุงุฑูุฎ ุงุฑุชูุงุจู ุซู ุตุฏุฑ ูุงููู ููุบู ูุต ุงูุชุฌุฑูู ูุจู ุงูุจุช ูู ุทูุจ ุงูุชุณูููุ ูููู ููุฏููุฉ ุงููุทููุจ ูููุง ุงูุชุณููู ุฑูุถ ุทูุจ ุงูุชุณููู ูุงูุชูุงุก ุดุฑุท ุงุฒุฏูุงุฌ ุงูุชุฌุฑูู ุงุฐุง ูู ุชุฑุฏ ูู ูุตูุต ุงูุงุชูุงููุงุช ุดุฑุท ูุฎุงูู ุฐูู. ูุงูุฏููุฉ ุงููุทููุจ ูููุง ุงูุชุณููู ูู ุงูุชู ุชููู ูุญุฏูุง ุญู ุงูุชุซุจุช ูู ุชูููุฑ ุดุฑุท ุงูุงุฒุฏูุงุฌ. ุจ- ุงูุญุฏู ุงูุงุฏูู ููุนูุงุจ: ูุทุจูุนุฉ ุงูุนููุจุฉ ุฏูุฑ ุงุณุงุณู ูููุง ูุชุนูู ุจูุจูู ุงู ุจุฑูุถ ุทูุจ ุงูุชุณููู ุงุฐ ูุฌุจ ุงู ุชููู ูุฐู ุงูุนููุจุฉ ุงูุชู ููุต ุนูููุง ุงููุงููู ุงู",AR,Thu Feb 12 2026 09:33:12 GMT+0100 (heure normale dโEurope centrale)
d387f287-3c95-400b-8d7a-0fd856dbf224,"1eฬre partie.doc",google_drive,"ูู ุงูุงุชูุงูููุฉ ุงูุชููุณููุฉ ุงูุจุฑุชุบุงููุฉ ""ุชููุญ ุงููุณุงุนุฏุฉ ููู ูู ุชูู ุงูุฌุฑููุฉ ูุนุงูุจุง ุนููุง ูู ูุงููู ุงูุฏููุฉ ุงููุทููุจ ุงูููุง ุงูุชุณููู."" ููุฏ ุชู ุงูุชูุงุฏ ูุฐุง ุงููุจุฏุง ุจุงุนุชุจุงุฑ ุงูู ุงูุดุฎุต ูุฏ ูููุช ูู ุงูุชุชุจูุน ูุงูุนูุงุจ ุจูุง ุงููู ูุง ูููู ุชุณูููู ููุง ุชุชุจูุนู ูู ุทุฑู ูุถุงุก ุงูุฏููุฉ ุงูููุฌูุฏ ูููุง ูุงููู ูุง ูุฌุฑูู ุงููุนูุฉ ุงูุชู ุงุฑุชูุจูุง. ูุฐุง ุงูููุฏ ูุฏ ูุง ูููู ูู ุงุซุฑ ููููุณ ูู ุงูููุฏุงู ุงูุนููู ุจุงุนุชุจุงุฑ ุงูู ุงูุงุฎุชูุงูุงุช ูุญุฏูุฏุฉ ูู ุงูููุงููู ุงูุฌุฒุงุฆูุฉ ููุง ุงูู ุงุฎุชูุงู ูุตู ุงูุฌุฑููุฉ ุงููุทููุจ ูู ุงุฌููุง ุงูุชุณููู ูุง ููู ุญุงุฆูุง ุฏูู ุงูุงุณุชุฌุงุจุฉ ููุทูุจ ุงูุชุณููู. ููููุง ุชุฌุฏ",AR,Thu Feb 12 2026 09:33:12 GMT+0100 (heure normale dโEurope centrale)
92d7f914-bf9e-43b0-9769-92aacbcc2ef6,"2eฬme partie.doc",google_drive,"332 ู.ุญ.ุนุ ูุงููุง ูููู ุงู ุชููู ุงุณุจุงุจุง ูุทูุจ ุงูุชุนููุถ ุนูู ูุนูู ุงููุตู 337ู.ุญ.ุน ุจุดุฑุท ุงู ูุชุฑุชุจ ุนููุง ุถุฑุฑ ููุบูุฑ ูุชุณุจุจ ูู ุงูุบุงุก ุญู ุนููู ุซุงุจุช ูููุชุถุฑุฑ. ููุง ูุนุชุจุฑ ุงุฎูุงุก ุทุงูุจ ุงูุชุณุฌูู ุงู ุงููุณุชููุฏ ููู ุญูุง ุนูููุง ุนูุงุฑูุง ููุธูุง ุนูู ุงูุนูุงุฑ ุงููุญููู ุจุชุณุฌููู ูุญุชู ูุฌุฑุฏ ุงูุณููุช ุนูู ุฎุทุงู ูุจุฑุฑ ุทูุจ ุงูุชุนููุถุ ูุซู ุงุฎูุงุก ุงููุงุฑุซ ูุตูุฉ ููุฑุซู ุงููุชุนููุฉ ุจุงูุนูุงุฑ ููุถูุน ุทูุจ ุงูุชุณุฌูู ุงู ุนุฏู ุฐูุฑ ุจุนุถ ุงููุฑุซุฉ ุงู ุจุนุถ ุงูุดุฑูุงุก ุงู ุนุฏู ุงูุชุตุฑูุญ ุจุงูุฑูู ุงู ุบูุฑู ูู ุงูุญููู ุงูุนูููุฉ ุงูุงุฎุฑู ุงูููุธูุฉ ุนูู ุงูุนูุงุฑ ูุงูุชู ููุบููุง ุญูู ุงูุชุณุฌูู. ููุง ูุนุฏ ุฎุทุง ุชุทููุฑ ุงูุน",AR,Thu Feb 12 2026 15:48:51 GMT+0100 (heure normale dโEurope centrale)
92d7f914-bf9e-43b0-9769-92aacbcc2ef6,"2eฬme partie.doc",google_drive,"ุชุญุฏูุฏ ุจุฏุงูุฉ ููุนูู ุงูุชุทููุฑ ูู ุงูุฒูู ุงุซุงุฑ ุฌุฏ ุฎุทูุฑุฉ ุญูุซ ุงูู ุจุชุญุฏูุฏ ุงููุญุธุฉ ุงูุฒูููุฉ ููุชุทููุฑ ูุชุญุฏูุฏ ุงุนุชุจุงุฑ ุงูุญู ุงู ูููู ุงู ุงุนุฏุงูู ูููุง ุงุฐ ุงู ุงูุญูู ุจุงูุชุณุฌูู ุงุฐุง ุตุฏุฑ ุนูู ุงูุญุงูุฉ ุงูุชู ุนูููุง ุงูุนูุงุฑ ููู ุชูุฏูู ุงููุทูุจ ูุฎุชูู ูู ุงูุงุฎุชูุงู ุงุฐุง ุตุฏุฑ ุนูู ุงูุญุงูุฉ ุงูุชู ุนูููุง ุงูุนูุงุฑ ููู ุตุฏูุฑ ุงูุญูู. ุญูุซ ุงู ููุงู ูุฑุญูุฉ ุฒูููุฉ ูุฏ ุชุทูู ุจูู ุชูุฏูู ุงููุทูุจ ุงู ุงูุชุตุฑูุญ ูุงูุญูู ููุฏ ูุนูุฏ ุฎูุงููุง ุงูุนุฏูุฏ ูู ุงูุงุชูุงููุงุช ูุงููุนุงููุงุช ุงูุชู ูููู ุงู ุชูุบู ุงุฐุง ุตุฏุฑ ุงูุชุณุฌูู ุนูู ุงูุญุงูุฉ ุงูุชู ุนูููุง ุงูุนูุงุฑ ููู ุตุฏูุฑ ุงูุญูู ุฎูุงูุง ููุง ูุฏ ุชุตุฑูุญ ุจู ุงููุญููุฉ ูู",AR,Thu Feb 12 2026 15:48:51 GMT+0100 (heure normale dโEurope centrale)
92d7f914-bf9e-43b0-9769-92aacbcc2ef6,"2eฬme partie.doc",google_drive,"ุญูุงุฒู ุจุญูุซ ุงู ุญูุงุฒุฉ ุงูุนูุงุฑ ุชุจูู ูููุฏูู. ูุงูุฑูู ุงูุนูุงุฑู ูููู ุงู ูููู ูุงููููุง() ุงูู ุฌุงูุจ ูููู ุงุชูุงูู. ููููุถู ุงูุฑูู ุงูุนูุงุฑู ุชุจุนูุง ุจุงุนุชุจุงุฑู ุชุงูููุง ุนูููุง ูุฎุตูุต ูุถูุงู ุงูููุงุก ุจุงูุชุฒุงู ุจุงููุถุงุก ุงูุงูุชุฒุงู ุงูุงุตูู() ูุงุตููุง ุจุชูุงุฒู ุงูุฏุงุฆู ุนูู ูุจุงุชูุงู ุงูุงุฌุฑุงุกุงุช ูุงูุดุฑูุท ุงูุชู ููุฑุถูุง ุงููุงููู ุนูู ูุงุถุน ุงููุฏ ูุชุทููุฑ ุงูุนูุงุฑุงุช ูููุง ุนูููุง ูู ุฑููู(). ูุงุฐุง ูุงู ุงูุนูุงุฑ ุบูุฑ ูุณุฌู ูุงู ูุฐุง ุงูุญู ูููู ูุนุฑุถุง ููุงูุบุงุก ุงุฐุง ูู ููุน ุงูุชุตุฑูุญ ุจู ูุฏู ุงููุญููุฉ ุงูุนูุงุฑูุฉ. ููุง ุถุจุท ุงููุตู 373 ู. ุญ. ุน ุงูุญููู ุงูุชู ูุทูุฑ ูููุง ุงูุนูุงุฑ ุจุตุฏูุฑ ุญูู ุงูุชุณุฌูู ุจ",AR,Thu Feb 12 2026 15:48:51 GMT+0100 (heure normale dโEurope centrale)
31067cd3-0271-4d94-8e6d-c75dba29b731,"53FE~E.DOC",google_drive,"ุนูู ูุตูุญุฉ ุงูุฏุงุฆููู ูุงูุดุฑูุงุก"" ุฑุณุงูุฉ ุฎุชู ุงูุฏุฑูุณ ุจุงููุนูุฏ ุงูุงุนูู ูููุถุงุก 1997. Ben Kraiem L.: Le syndic de la faillite mรฉmoire pour l'obtention du diplรดme d'รฉtudes approfondies en sciences juridiques fondamentales 1995. Enneifer M. : La pรฉriode suspecte, mรฉmoire de D.E.A. Facultรฉ de droit et de sc pol. De Tunis, 1976. ุจ- ุงูููุงูุงุช ูุงูููุชููุงุช : 1- ุจุงููุบุฉ ุงูุนุฑุจูุฉ : ููุงูุงุช ุจูุฌูุฉ ุงููุถุงุก ูุงูุชุดุฑูุน : ุงูุณุงุณู ุจู ุญูููุฉ : ุฎูุงุทุฑ ุญูู ุงุญูุงู ุงููุณู 99ุ ูุฌูุฉ ุงููุถุงุก ูุงูุชุดุฑูุน ูููุฑู 1986. ุตุจุงุญ ุฑูุถุงูุฉุ ูุงููู ุงูุงููุงุฐ ูุงููุง",MIXED,Thu Feb 12 2026 09:40:16 GMT+0100 (heure normale dโEurope centrale)
5d810ea7-9100-4027-acfb-57e665147a28,"5A1C~2.DOC",google_drive,"ุงูุชุณุฌูู ูุง ูุญุชุฌ ุจู ุนูู ุงูุบูุฑ ุงูุง ุจุชุฑุณููู ุจุงูุณุฌู ุงูุนูุงุฑู ูุงุจุชุฏุงุกู ูู ุชุงุฑูุฎ ุฐูู ุงูุชุฑุณูู()ุ ูุญูู ุงูุชุณุฌูู ูุง ููุบููุง ุจู ูููุฏูุง ุจุนุถ ุญุฌูุชูุง ุงุฐ ุชุตุจุญ ุบูุฑ ูุงุจูุฉ ููุงุญุชุฌุงุฌ ุจูุง ุนูู ุงูุบูุฑ ุงูุง ุจุชุฑุณูููุง ุจุงูุณุฌู ุงูุนูุงุฑู. * ูุงูุง ุงูุตููู ูุงูุงุชูุงูุงุช ุงููุงุญูุฉ ุงูุชู ูุดุงุช ุจุนุฏ ุตุฏูุฑ ุญูู ุงูุชุณุฌูู ููุจู ุงูุงูุฉ ุงูุฑุณู ุงูุนูุงุฑูุ ูุชูุฏู ููุงุชุจ ุงููุญููุฉ ุงูุนูุงุฑูุฉ ุงูุฐู ูุถูููุง ุจุฏูุชุฑ ุฎุงุต ุญุณุจ ุชุงุฑูุฎ ูุฑูุฏูุง ุซู ูุญูููุง ูุน ุงููุณุฎุฉ ุงูุชูููุฐูุฉ ูุญูู ุงูุชุณุฌูู ุนูู ุงุฏุงุฑุฉ ุงูููููุฉ ุงูุนูุงุฑูุฉ ุฏูู ุนุฑุถูุง ุนูู ุงููุญููุฉ ูุญุงูุธ ุงูููููุฉ ุงูุนูุงุฑูุฉ ูุชููู ุฏุฑุณูุง ูุชุฑุณูููุง ุนูุฏ",AR,Thu Feb 12 2026 15:48:49 GMT+0100 (heure normale dโEurope centrale)
5d810ea7-9100-4027-acfb-57e665147a28,"5A1C~2.DOC",google_drive,"ุงู ุงูููุตู ููู ุงูุชุตุฑู ุงููุงูููู ูู ุญู ุนููู ูุดููู ุจุงูุชุฑูุฉ ุงู ุจุงููุตูุฉ ุญุณุจ ุงูุญุงู ูุจู ุชุฑุณูู ุงูุชูุงู ุงูููููุฉ ุจุงูููุงุฉ. ููุชุฑุชูุจ ุนู ุนุฏู ุงุดูุงุฑ ุงูุงููุฑ ุงููุงุฑุฏุฉ ุจุงูููุฑุชูู ุงููุฐููุฑุชูู ุงู ุงูุญููู ุงูุนูููุฉ ุงููุงุฑุฏุฉ ุจูุง ูุง ุชููู ุญุฌูุฉ ูููุง ุจูู ุงููุนูููู ุจุงูุงูุฑ ุงููุณููุ ููุง ูุชุฑุชุจ ุนู ุชูู ุงูุงููุฑ ุบูุฑ ุงููุฑุณูุฉ ุณูู ุงูุงูุชุฒุงูุงุช ุงูุดุฎุตูุฉ""... ููุฐุง ุงูุตููู ูู ุงูุญููู ุงูุฐู ูุง ูุชููู ุงูุง ุจุงูุชุฑุณูู ูุงุจุชุฏุงุก ูู ุชุงุฑูุฎ ุงูุชุฑุณูู ูููู ูุดูููุง ุจุงูููุนูู ุงูุชุทููุฑู ูููุบู ุงุฐุง ูู ููุน ุงูุชุตุฑูุญ ุจู ุงู ุงุฐุง ุชู ุงูุชุตุฑูุญ ุจู ููู ุงููุญููุฉ ูู ุชูุถ ุจุชุณุฌููู ุงู ูู ุชุงุฐู ุจุชุฑ",AR,Thu Feb 12 2026 15:48:49 GMT+0100 (heure normale dโEurope centrale)
5d810ea7-9100-4027-acfb-57e665147a28,"5A1C~2.DOC",google_drive,"ุจุงูููุฑุฉ ุงูุซุงููุฉ ูู ุงููุตู 373 ู.ุญ.ุน ูุง ููุณุญุจ ุนูููุง ุงูููุนูู ุงูุชุทููุฑู ููู : ุงูููุง : ุนููุฏ ุชุณููุบ ุงูุนูุงุฑุงุช ุงูุชู ุชุชุฌุงูุฒ ูุฏุชูุง ุซูุงุซุฉ ุงุนูุงู ููุฐูู ุนููุฏ ุงูุชุณููุบ ุงูุชู ุชูู ูุฏุชูุง ุนู ุฐูู ุงู ุนููุฏ ุชุฌุฏูุฏู ุงุฐุง ูุงูุช ุชุฎูู ุงูุงูุชูุงุน ุจุงูุนูุงุฑ ูุฏุฉ ุชุชุฌุงูุฒ ููุงูุชูุง ุงููุถุงุก ุงูุณูุฉ ุงูุซุงูุซุฉ ูู ุงูุชุงุฑูุฎ ุงูุฐู ุงุจุฑูุช ููู. ุนูู ุงู ุนููุฏ ุงูุชุณููุบ ุงูุชู ุชุชุฌุงูุฒ ูุฏุชูุง ุซูุงุซุฉ ุงุนูุงู ูุงูุชู ูู ููุน ุชุฑุณูููุง ูููู ุงูุงุญุชุฌุงุฌ ุจูุง ุนูู ุงูุบูุฑ ุงูู ุงูุชูุงุก ูุฏุฉ ุงูุซูุงุซุฉ ุงุนูุงู ุงูุฌุงุฑูุฉ ูู ููู ุชุฑุณูู ุงูุตู ุงู ุงูุญูู ุงูุฐู ุชู ุจููุชุถุงู ุงูุงูุชูุงุน ุจุงูุนูุงุฑ. ุซุงููุง : ุงูุตููู ูุงู",AR,Thu Feb 12 2026 15:48:49 GMT+0100 (heure normale dโEurope centrale)
5d810ea7-9100-4027-acfb-57e665147a28,"5A1C~2.DOC",google_drive,"ุนูู ูุต ูุงูููู ุณุจู ูุณุฎู ุงู ุชูููุญู ุจูุง ุตูุฑู ุบูุฑ ููุทุจู ูุงููุถุงุก ุจูุง ูุฎุงูู ุญููุง ูุฏููุง ูุถุงู ููููู ุงุชุตู ุจู ุงููุถุงุก ูุงููุงู ุงููุซุงุฆู ุงููุธุฑููุฉ ุจุงูููู ูุงูุชู ููุง ุชุงุซูุฑ ูุงุถุญ ุนูู ูุฌู ุงููุตู ูู ุงููุถูุฉ(). ูุงู ูุงูุช ูุฐู ุงูุญุงูุงุช ุชุนุฏ ุงุณุจุงุจุง ููุฑุฌูุน ุนูู ุงูุนูุงุฑ ุนู ุทุฑูู ุงููุฑุงุฌุนุฉ ุญุณุจ ุงููุตู 332 ู.ุญ.ุนุ ูุงููุง ูููู ุงู ุชููู ุงุณุจุงุจุง ูุทูุจ ุงูุชุนููุถ ุนูู ูุนูู ุงููุตู 337ู.ุญ.ุน ุจุดุฑุท ุงู ูุชุฑุชุจ ุนููุง ุถุฑุฑ ููุบูุฑ ูุชุณุจุจ ูู ุงูุบุงุก ุญู ุนููู ุซุงุจุช ูููุชุถุฑุฑ. ููุง ูุนุชุจุฑ ุงุฎูุงุก ุทุงูุจ ุงูุชุณุฌูู ุงู ุงููุณุชููุฏ ููู ุญูุง ุนูููุง ุนูุงุฑูุง ููุธูุง ุนูู ุงูุนูุงุฑ ุงููุญููู ุจุชุณุฌููู ูุญ",AR,Thu Feb 12 2026 15:48:49 GMT+0100 (heure normale dโEurope centrale)
bfd1c212-c79f-458e-b408-5ceab07bf5d2,"Meฬmoire.doc",google_drive,"ุงูููุง ุจุฑูุงูุฌ ุงูุงููุงุฐ. ููู ุงุทุงุฑ ุงูุงุญุงูุฉ ูุต ุงููุตู 47 ุนูู ูุง ููู :ยซ ูููู ุงู ุชุดูู ุงูุงุญุงูุฉ ูู ุงููุคุณุณุฉ ุงู ูุฑุนุง ูู ูุดุงุทูุง ุงู ูุฌููุนุฉ ูู ูุฑูุน ูุชูุงููุฉ ูุน ุจูุน ูู ุงูููุชููุงุช ุงูุชู ูู ุชุดูููุง ุงูุงุญุงูุฉ. ูุชุญุฏุฏ ุงููุญููุฉ ุงูุนููุฏ ุงูุฌุงุฑูุฉ ูุน ุงููุคุณุณุฉ ูุงูุถุฑูุฑูุฉ ูููุงุตูุฉ ูุดุงุทูุง ุจูุงุกุง ุนูู ุทูุจ ููุฏูู ุงูุนุฑูุถยป. ูู ููุณ ุงูุงุทุงุฑ ุชูุฑูุจุง ูุต ุงููุตู 34 ูู ูุงููู 25/5/1977 ุนูู ยซุงู ุญุงูุฉ ุงูุงููุงุณ ูุงูุชุตููุฉ ุงูุนุฏููุฉ ูุง ูุชุฑุชุจ ุนููููุง ุงูุญู ุงููุทูู ูู ูุณุฎ ูุฑุงุก ุงูุนูุงุฑุงุช ุงููุฎุตุตุฉ ูุชุนุงุทู ุตูุงุนุฉ ุงููุทููุจ ุงู ุชุฌุงุฑุชู ุงู ุตูุงุนุชู ุงููุฏููุฉ ุจูุง ูู ุฐูู ุงูุนูุงุฑุงุช ูุงููุญ",AR,Thu Feb 12 2026 16:03:41 GMT+0100 (heure normale dโEurope centrale)
547dee93-821d-499b-a066-be77b608cf10,"Meฬmoire_emna.doc",google_drive,"2) ููู ุญูุซ ูุงุจููุชู ููุงูุชูุงู ูุณุชููุฏ ุบููุฑ ุงููุณุชูููุฏ ูููู ูุงุจูุง ููุชูููู ุงู ูุง (ูููุฑุฉ 3). ุงููููููุฑุฉ ุงูุงููู : ุตูุฑ ุงูุงุนุชูุงุฏ ุงููููุซู ูู ุญูุซ ูุฏู ููุฉ ุงูุชูุฒุงู ุงูุจููู ุชุฎุชูู ููุฏู ูููุฉ ุงูุชุฒุงู ุงูุจูู ุชุฌูุงู ุงููุณุชูููุฏ ุจุญุณุจ ูุง ุงุฐุง ูุงู ุงูุงุนุชูุงุฏ ุงููููุซู ูุงุจูุง ููุฑุฌูุน ููู (ุงููุง) ุงู ุบูุฑ ููุงุจู ููุฑุฌูุน ููู (ุซุงูููุง). ุงููุง : ุงูุงุนุชููุงุฏ ุงูููุงุจูู ููุฑุฌูููุน ูููููู ูุชููู ุงูุจูู ุจุงูุฑ ูู ุงููุดุชุฑู ูุชุญ ุงุนุชูุงุฏ ููุซู ููุงุฆุฏุฉ ุงูุจุงุฆุน ุงููุณุชููุฏ ููุชุฑู ูููุณู ุฎูุงุฑ ุงูุฑุฌูุน ูู ููุฐุง ุงูุงุนุชูุงุฏ ูู ุงู ููุช ููุฐูู ูุงูู ูู ุตูุฑุฉ ุงูุงุนุชูุงุฏ ุงููุงุจู ููุฑุฌูุน ููู ูู",AR,Thu Feb 12 2026 16:03:19 GMT+0100 (heure normale dโEurope centrale)
547dee93-821d-499b-a066-be77b608cf10,"Meฬmoire_emna.doc",google_drive,"ุจุงุนูุงู ุฑุฌูุนู ูู ุงูุงุนุชูุงุฏ ูููุณ ูู ุงู ููุชูุน ุนู ุชููููุฐูุ ุงุฐุง ููุฐ ุงูุจุงุฆุน ุงูุชุฒุงูู ูุชูุฏู ุจุงููุซุงุฆู. ุงู ููุฐุง ุงูุฑุงู ูุชุงูุฏ ุจูุฑุงุฌุนุฉ ุงููุตู 8 ูู ุงูููุงุนุฏ ุงูููุญุฏุฉ ุงูุฐู ููุต ุนูู ุงูู ูููู ุงู ูุนุฏู ุงูุงุนุชูุงุฏ ุงููุงุจู ููุฑุฌูุน ููู ุงู ููุบู ุจูุงุณุทุฉ ุงูุจูู ูุงุชุญ ุงูุงุนุชูุงุฏ ูู ุงู ููุช ูุจุฏูู ุงุฎุทุงุฑ ูุณุจู ูููุณุชูููุฏ. ููุน ุฐูู ููุชุฒู ุงูุจูู ูุงุชุญ ุงูุงุนุชูุงุฏ ุจูุง ูููู : (ุง) ุงู ูุฏูุน ุงููููุฉ ููุจูู ุงูุฐู ููู ุจุฏูุน ุงููููุฉ ุงู ุงููุจูู ุงู ุงูุชุฏุงูู ุงุฐุง ูุงู ูุฏ ูุงู ุจุฐูู ูุจู ุงู ูุชุณูู ุงูุงุฎุทุงุฑ ุจุงูุบูุงุก ุงูุงุนุชููุงุฏ ุงู ุจุชุนุฏูููู ูุชู ุงูุฏูุน ูููุงุจู ูุณุชูุฏุงุช ูุทุงุจูุฉ ูู ุธุงูุฑ",AR,Thu Feb 12 2026 16:03:19 GMT+0100 (heure normale dโEurope centrale)
ce11b82f-f6de-4ebb-a51d-724216c16d7b,"ุงูููุถุงุก ุญู ุงูุงูุชูุงุน.doc",google_drive,"ุฑุงู ุงููุดุฑุน ุงู ูููู ูุฐุง ุงููุถุน ุจููุช ุงูููุชูุน ุญุชู ุชุฌุชูุน ุงูููููุฉ ุจูุงูู ุนูุงุตุฑูุง ุจูุฏ ูุงูู ุงูุฑูุจุฉ ูุญุฏู. ู ูุทุฑุญ ูู ูุฐุง ุงูุงุทุงุฑ ุงูุณุคุงู ุงูุชุงูู: ูู ูุฌูุฒ ุชูููุฏ ุงูุงูุชูุงุน ุจุดุฑุท ูุง ุงู ุชุนูููู ุนูู ุงุฌู ูุนููุ ูุฑู ุงูููู ุงูู ูุฌูุฒ ุงูุดุงุก ุญู ุงูุงูุชูุงุน ููุฌุฒุง ุงู ููุชุฑูุง ุจุดุฑุท ูุงููุ ุงู ุดุฑุท ูุงุณุฎุ ุงู ูุถุงูุง ุงูู ุงุฌู ูุงูู. ูุงุฐุง ูุงู ุงูุนูุฏ ุงูููููุฏ ูุญู ุงูุงูุชูุงุน ููุฌุฒุง, ุงูุชุฌ ุงุซุฑู ูู ุงูุญุงู ู ุงุณุชุญู ุงูููุชูุน ููุงูุน ุงูุดูุก ูู ุชุงุฑูุฎ ุงูุดุงุก ุญู ุงูุงูุชูุงุน. ุงูุง ุงุฐุง ูุงู ูุนููุง ุนูู ุดุฑุท ุงู ูุถุงูุง ุงูู ุงุฌูุ ูุงู ุงูุชูุงุน ุงูููุชูุน ูุง ูุจุฏุง ุงูุง ุนูุฏ ุชุญูู ุงูุดุฑุท ุงู ุญู",AR,Thu Feb 12 2026 15:49:00 GMT+0100 (heure normale dโEurope centrale)
6dd90dfa-b9d8-454e-acbb-fa3ae80ce0c2,"ุงูุงูุฏุงุก ุนูู ุงููููุฉ ุงููุถุงูุฉ ูู ุนููุฏ ูููุณุณุงุช ุงูุจุนุซ ุงูุนูุงุฑู.doc",google_drive,"ูููุทุงูุจ ุจุงูุงุฏุงุก ููุฑุงูุจุฉ ุนูููุงุช ุชุณุชูุฌุจ ุฎุจุฑุฉ ูููุฉ ุฎุงุตุฉ ูู ูุฌุงู ุงูุจุนุซ ุงูุนูุงุฑู ูุงูุชููุฆุฉ ู ุงูุชูุณูู ู ุงูุจูุงุก ู ุญุชู ุจูุน ุงูุนูุงุฑุงุช ูู ุนูููุงุช ุชูููุฉ ููููุฉ ุชุชุทูุจ ุฎุจุฑุฉ ูุง ูุชููุน ุจูุง ุงุนูุงู ุงุฏุงุฑุฉ ุงูุฌุจุงูุฉ. ู ูุธุฑุง ูุฎุทูุฑุชูุงุ ุชุฎุถุน ุงููุฑุงุฌุนุฉ ุงููุนููุฉ ูุฌูุจุง ููุงุนูุงู ุงููุณุจู ุงูุฐู ูุชู ุจุงูููุฑ ุงูุงุตูู ุงู ุงููุฎุชุงุฑ ููุจุงุนุซ ุงูุนูุงุฑู. ูููุฑุถ ุงููุดุฑุน ุชูุตูุตุงุช ูุฌูุจูุฉ ูู ูุฐุง ุงูุงุนูุงู ูููุง ุญู ุงููุทุงูุจ ุจุงูุงุฏุงุก ูู ุงูุงุณุชุนุงูุฉ ุฎูุงู ุนูููุฉ ุงููุฑุงุฌุนุฉ ู ููุงูุดุฉ ูุชุงุฆุฌูุง ููู ูุฎุชุงุฑู ุงู ูู ุงูุงุจุฉ ูููู ุนููุ ุจุงูุงุถุงูุฉ ุงูู ุงูุงุฏุงุก ู ุงููุชุฑุฉ ุงูุชู ุณุชุดูููุง ุนูููุฉ ุงูู",AR,Thu Feb 12 2026 15:48:54 GMT+0100 (heure normale dโEurope centrale)
6dd90dfa-b9d8-454e-acbb-fa3ae80ce0c2,"ุงูุงูุฏุงุก ุนูู ุงููููุฉ ุงููุถุงูุฉ ูู ุนููุฏ ูููุณุณุงุช ุงูุจุนุซ ุงูุนูุงุฑู.doc",google_drive,"ููู ุญุงูุฉ ูุจูู ุงูุฏุนูู ุงุตูุง ููู ุญูุซ ุงูุดูู ูุงู ุงูุญูู ูููุง ููุบู ุงููุฑุงุฑ ู ูุนูุฏ ุงูุญุงูุฉ ุงูู ูุง ูุงูุช ุนููู ูุจู ุตุฏูุฑู ุนูู ุงูู ููุบู ูู ุงูุงุซุงุฑ ุงููุงููููุฉ ุงููุชุฑุชุจุฉ ุนูู. -ุจ- ุทูุจ ุงูุงุนุชุฑุงุถ ุนูู ูุฑุงุฑ ุงูุชูุธูู ุงูุงุฌุจุงุฑู : ูุฐู ุงูุงููุงููุฉ ุฌุงุก ุจูุง ุงููุตู 51 ูู ูุฌูุฉ ุงูุญููู ู ุงูุงุฌุฑุงุกุงุช ุงูุฌุจุงุฆูุฉุ ูุฐู ุงููุฌูุฉ ุถุจุทุช ุงุฌุฑุงุกุงุช ูุฐุง ุงูุงุนุชุฑุงุถ ู ุงูุงุซุงุฑ ุงูุชู ูููู ุงู ูุฑุชุจูุง. ู ุงูุงุนุชุฑุงุถ ุนูู ูุฑุงุฑ ุงูุชูุธูู ุงูุงุฌุจุงุฑู ูููู ุงู ูุชุณูุท ุนูู ุงูุงุตู ุงูุงุฏุงุก ุงูููุธู ุงู ุนูู ุงูุฎุทุงูุง ุงููุชุนููุฉ ุจู. ููุฑูุน ุงูุทูุจ ุงูุงู ุงููุญููุฉ ุงูุงุจุชุฏุงุฆูุฉ ุงูุชู ููุฌุฏ ุจุฏุงุฆุฑุชูุง ุงููุตูุญุฉ",AR,Thu Feb 12 2026 15:48:54 GMT+0100 (heure normale dโEurope centrale)
04f0d6f3-9955-47ea-9395-8d15f8ceb827,"ุงูุงูุดูุงููุงุช ุงููุทุฑูุญุฉ ุงูุซูุงุก ูุชุฑุฉ ุงููุณุญ.doc",google_drive,"ูุง ูุณุชูุฒู ุชุทูุฑุง ูู ุงูุชุดุฑูุน ุงููุชุนูู ุจุงููุณุญ ุงูุนูุงุฑู ูุงุถูุงุก ูุฒูุฏุง ูู ุงูุถูุงูุงุช ุงูุญูุงุฆูุฉ. ุงููุจุญุซ ุงูุซุงูู: ุงูุงุดูุงูุงุช ุงููุทุฑูุญุฉ ุนูุฏ ุชูููุฐ ุงูุญูู ุงููุณุญู ุงู ุตุฏูุฑ ุงูุงุญูุงู ุงูุนูุงุฑูุฉ ุจุงูุชุณุฌูู ูุง ูุคุฏู ููุท ุงูู ุชุบููุฑ ุงููุธุงู ุงููุงูููู ููุนูุงุฑ ุจู ุงูู ูุดูู ููุงุฏุฉ ุฌุฏูุฏุฉ ููุฐุง ุงูุนูุงุฑ ูููุซู ุชุญููุง ูุงููุง ูู ูุถุนูุฉ ุงูู ูุถุนูุฉ ุงุฎุฑู . ูุจุงูุชุงูู ูุฌูุฒ ุงูููู ุงู ุงุซุงุฑ ุตุฏูุฑ ุงูุญูู ุจุงูุชุณุฌูู ุชูุชุฑุถ ุชุฌุณูุฏุง ูุงุฌุนุง ููุงุชู ุงูููุงุฏุฉ ุงูุฌุฏูุฏุฉ ูุชูุชุฑุถ ุงุนุชูุงุกุง ุชุดุฑูุนูุง ูุงุฏุงุฑูุง ูุชุญููู ุงูุบุงูุฉ ูู ุงุญูุงู ุงูุชุณุฌูู ูุงูุชู ูููู ุชุจูู ูุธุงูุฑูุง ูู ุฎูุงู ูุง ุงูุฑู ุงููุดุฑุน ู",AR,Thu Feb 12 2026 09:33:28 GMT+0100 (heure normale dโEurope centrale)
8014cd2b-4157-44f1-ae9b-8391bc9a0ab5,"ุงูุฌุฒุก ุงูุซุงูู.doc",google_drive,"ุงููููุฌูููููุฒุก ุงูุซุงูููููููู : ุณููููููููุท ุงูุนูููููููููุงุจ ุจุนุฏู ุชููููููุฐู ูุงุณุจุงุจ ุดุฎุตูููููุฉ ูุณูุท ุงูุนูุงุจ ูู ุจุนุถ ุงูุญุงูุงุช ุจุนุฏู ุชูููุฐู ูุฐูู ูุงุณุจุงุจ ุดุฎุตูุฉุ ูููุตุฏ ุจุงูุงุณุจุงุจ ุงูุดุฎุตูุฉ ุชูู ุงูุงุณุจุงุจ ุงููุจููุฉ ุนูู ุงุนุชุจุงุฑุงุช ุดุฎุตููุฉุ ุงู ุชูู ุงูุชู ููุน ุงูุงุฎุฐ ูููุง ุจุนูู ุงูุงุนุชุจุงุฑ ุดุฎุต ุงููุญููู ุนููู ุงู ุดุฎุต ุทุงูุจ ุงูุชุชุจุนุ ูุจูุทุน ุงููุธุฑ ุนู ููุถูุน ุงูุฌุฑููุฉ. ููุนูุงุฑ ุณููุท ุงูุนูุงุจ ูุงูุฏุงูุน ุงูุฑุฆูุณู ุงููู ูู ุดุฎุต ุงููุญููู ุนููู ุงู ุดุฎุต ุทุงูุจ ุงูุชุชุจุน ูุณููุท ุงูุนูุงุจ ูู ูุฐู ุงูุญุงูุฉ ููุชูุน ุจู ุดุฎุต ุจุนููู ููุง ูุณุชููุฏ ุจู ุณูุงู ููู ูุงู ูุงุนูุง ุงุตููุง ุงู ุดุฑููุง ูู ูู ุงูุฌุฑ",AR,Wed Feb 11 2026 21:21:50 GMT+0100 (heure normale dโEurope centrale)
8014cd2b-4157-44f1-ae9b-8391bc9a0ab5,"ุงูุฌุฒุก ุงูุซุงูู.doc",google_drive,"ููุฐุง ูููููุง ูู ุงูููู ุจุงู ุงูุงุณูุงุท ููุญุตุฑ ููุฏุงู ุงูุทุจุงูู ูู ูุงุฏุฉ ุงูุฌูุญ ููุท ููุง ูุชุนุฏุงู ุงูู ูุงุฏูุฉ ุงูุฌูุงูุงุช. ุจูู ุงู ูุชุณุงุฆู ุนู ุงูุงุดุฎุงุต ุงูุฐูู ูุญู ููู ุงูุงุณูุงุท ููู ูู ูุคูุงุก ุงูุงุดุฎูููุงุตุ ุจุงูุฑูุฌูุน ูุงุญูุงู ุงููุตู 218 ู.ุฌ ูุชุจูู ุงู ุงูุงุณูุงุท ูู ุฌุฑุงุฆู ุงูุนูู ุงูุนุงุฆูู ูุฏ ูููู ูู ุงูุณูู ุงู ูู ุงูุฒูุฌ. ูุงูุณูู ูุนูู ุงูุงุจุงุก ูุงูุงููุงุช ูุงู ุนููุง ููู ุถุฏ ุงูุฎูู ุงูุฐู ูุนูู ุงูุงุจูุงุก ูุงูุจูุงุช ูุงู ุณูููุง. ูุงูุฎูู ุนูุฏูุง ูุนุชุฏู ุจุงูุนูู ุนูู ุงูุณูู ูุฌูุฒ ููุฐุง ุงูุงุฎูุฑ ุงู ูุณูุท ุญูู ูู ุงูุชุชุจุน ูุญุชู ุงุซูุงุก ูุฑุญูุฉ ุชูููุฐ ุงูุนูุงุจุ ูุงูุงุณูุงุท ูู ูุฐู ุงููุฑุญูุฉ ูุจุฑูุง ุฐูุฉ",AR,Wed Feb 11 2026 21:21:50 GMT+0100 (heure normale dโEurope centrale)
d2c83dc3-e992-4d26-ac4b-b5cf589099c9,"ุงูุตูุญ ุจุงููุณุงุทุฉ.docx",google_drive,"ูุงุตุง ุนูู ุนุจุงุฑุฉ "" ูู ุงูุฌุฑ ูู ุญู ููู "" ูุงู ูู ุงุซุงุฑ ุง๏ปนูุชุฒุงูุงุช ุญุณุจ ูุฌูุฉ ุง๏ปนุชุฒุงูุงุช ูุงูุนููุฏ ุงู ุชูุณุญุจ ุนูู ุงูุฎูู ุงูุนุงู ูุงูุฎุงุต (28) ุญูุซ ูุต ุงููุตู 241 ู ุงุน ุงู""ุง๏ปนูุชุฒุงูุงุช ูุง ุชุฌุฑู ุงุญูุงููุง ุนูู ุงููุชุนุงูุฏูู ููุท ุจู ุชุฌุฑู ุงูุถุง ุนูู ูุฑุซุชูู ูุนูู ูู ุชุฑุชุจ ูู ุญู ูููู .... "" ููุง ุชุฌุฏุฑ ุงูููุงุญุธุฉ ุงู ุงููุดุฑุน ุงูุฌุฒุงุฆู ููุฆู ุงูุบู ุงูุตุฑุงู ุงุซุงุฑ ุงูุนูุฏ ููุบูุฑ ุงูุง ุงูู ูู ููุบู ุงูุตุฑุงูู ููุฎูู ุงูุนุงู ุงู ุงูุฎูู ุงูุฎุงุต ููุง ุณุจู ุจูุงูู ุนูู ุงูู ูู ุงููุฌูู ูู ูุฐุง ุง๏ปนุทุงุฑ ุนุฏู ุงูุฎูุท ุจูู ุงูุบูุฑ ูุงูุฎูู ุงูุนุงู ูุงูุฎูู ุงูุฎุงุต ุญูุซ ุงู ุงูุบูุฑ (1) ูู ุฐูู ุงูุดุฎุต ุงูุงุฌูุจู ุชูุง",AR,Tue Feb 10 2026 11:08:22 GMT+0100 (heure normale dโEurope centrale)
4448e313-c49c-4aab-b2be-1c3c7dcf0197,"ุงููููููุฎููุทูููุท 3.docx",google_drive,"ุทูุจ ุงูุชุนููุจ ูู ุงูุงุญูุงู ุงููุงุถูุฉ ุจุงูุชุณุฌููุ ููุงู ูุง ุจุฏ ุงู ุชุฎุถุน ูุฐู ุงูุชุฑุณููุงุช ุงูุถุง ูููุณ ุงููุจุฏุง ุชุจุนุง ููุงุนุฏุฉ ุงูุชุงุจุน ูุชุจุน ุงููุชุจูุนุ ู ุจูุง ุงู ุงูุชุฑุณููุงุช ุงููุชุฒุงููุฉ ูู ุฌุฒุก ูู ุญูู ุงูุชุณุฌูู ู ูุดูููุฉ ุจููุทูู ุงูุญูู ุงูุนูุงุฑู ููุง ุจุฏ ุงู ุชุฎุถุน ููุชุนููุจ ุงูุนูุงุฑู. ูููููููููููููููููููููููููููููููููููููููููููููููููููููููููููููููููููููููููููููููููููููููููููููููููููููููููููููููููููููู ุฑูุฒู ุณุงุณู ุงููุฑุฌุน ุงููุฐููุฑ ุต 84 . ุงูุทุนู ุจุงูุชุนููุจ ูู ุงุญูุงู ุงูุชุณุฌูู ุงูุนูุงุฑู ูููููููููููููููููููููููููููู ุจูุงุก ุนูู ูุง ุชูุฏู ุงูุชุนููุจ ุงูุนูุงุฑู ูุชุณูุท ุนูู ",AR,Mon Feb 09 2026 16:56:05 GMT+0100 (heure normale dโEurope centrale)
4448e313-c49c-4aab-b2be-1c3c7dcf0197,"ุงููููููุฎููุทูููุท 3.docx",google_drive,"ูุดุฎุต ูุงุญุฏุ ููููู ุงูุบุงุก ุงุญุฏ ุงูุญููููุ ุงูุง ุงูุญุงูุฉ ุงูุซุงููุฉ ุชุซูุฑ ุงุดูุงูุง ููู ุตุฏูุฑ ุญูููู ูุดุฎุตูู ูุฎุชูููู ู ุจุฐูู ูุฌูุฒ ุงูุบุงุก ุงุญุฏ ุงูุญูููู ุงูุฐู ูููู ุจุงูุทุนู ูู ุงุญุฏ ุงูุญูููู ูุจุงูุชุงูู ุงูุญูู ุงูุฐู ุณูุตุฏุฑ ุจุนุฏ ุงูุทุนู ุณูู ููุบู ููููุฉ ุงุญุฏ ุงูุทุฑููู . ุงูุง ุงูุญุงูุฉ ุงูุซุงููุฉ ุงูููููุฉ ุนู ุญุงูุงุช ุงููุฑุงุฌุนุฉ ูู ุงูุญุงูุฉ ุงูุณุงุจุนุฉุ ุญูุซ ุฌุงุก ุจุงููุตู 357 ููุฑุฑ ูู ูุฌูุฉ ุงูุญููู ุงูุนูููุฉ ุงูู ""ุณุงุจุนุง : ุงุฐุง ุงูุจูู ุงูุญูู ุงููุทุนูู ููู ุนูู ุงุฏูุฉ ุซุจุช ุฌุฒุงุฆูุง ุฒูุฑูุง ุงู ุชุฏููุณูุง ุจุญูู ููุงุฆู ู ููุจู ุงูุชุนููุจ ุงุฐ ุซุจุช ุงูุชุณุงุจ ููููุฉ ุงูุนูุงุฑ ูู ุงูุบูุฑ ุญุณู ููุฉ "" ูุฐู ุงูุญุงูุฉ ุชููู",AR,Mon Feb 09 2026 16:56:05 GMT+0100 (heure normale dโEurope centrale)
349b7b82-2913-4fc5-988f-9b2ed514d28c,"ูุญุงุถุฑุฉ ุงูุงูุณุชุงุฐ ุฑูุงุถ ุณููุฏ.doc",google_drive,". ุงูุฌููุฒุก ุงูุซููุงูู: ุงูุงุซุงุฑ ุงููุงููููุฉ ููุงุนุชุฑุงุถ ููุฏ ูุต ุงููุตู 180 ูู ู ุง ุฌ ุนูู ุงู: *ุงูุงุนุชุฑุงุถ ูููู ุงูุชูููุฐ *. ููุง ูุต ุงููุตู 182 ูู ู. ุง.ุฌ ุจููุฑุชู ุงูุงููู ุนูู ุงูู : * ุงุฐุง ุญุถุฑ ุงููุนุชุฑุถ ููุงู ุงุนุชุฑุงุถู ููุจููุง ุดููุง ูุงู ุงูุญูู ููุบู ุจุงููุณุจุฉ ูุฌููุน ุงูุงูุฌู ุงููุนุชุฑุถ ูู ุดุงููุง . * ู ุงููุชุงูู ูู ุงุญูุงู ูุฐูู ุงููุตููู ูุณุชูุชุฌ ุงูุฑูู ุงุซููู : ุงูุงูุฑ ุงูุงูู : ุงู ุนุจุงุฑุฉ ุงูุงุนุชุฑุงุถ ุงููุงุฑุฏุฉ ุจุงููุตููู ุงููุฐููุฑูู ูุฏ ูุฑุฏุช ุนุงูุฉ ุจุญูุซ ุชูุณุญุจ ุนูู ุฌููุน ุงูุงุญูุงู ุฏูู ุงุณุชุซูุงุก ุณูุงุก ูุงูุช ุงุจุชุฏุงุฆูุฉ ุงูุฏุฑุฌุฉ ุงู ููุงุฆูุฉ ููุง ุชุดูู ุงูุถุง ุงูุญูู ุงูุบูุงุจู ุจูุฑุนูู ุงูุฌุฒุงุฆู",AR,Thu Feb 12 2026 09:48:37 GMT+0100 (heure normale dโEurope centrale)
349b7b82-2913-4fc5-988f-9b2ed514d28c,"ูุญุงุถุฑุฉ ุงูุงูุณุชุงุฐ ุฑูุงุถ ุณููุฏ.doc",google_drive,"ุงููุญููู ุจู ูู ุงูุงุนุฏุงู ูุงู ุงููุนุชุฑุถ ูุณุฌูุ ู ูุง ูููุฐ ุงูุนูุงุจ ุงูุง ุจุนุฏ ุงูุจุช ูู ุงูุงุนุชุฑุงุถ .* ููุฐุง ุงูุงุณุชุซูุงุก ุงูุฐู ุงูุฑู ุงููุดุฑุน ูู ุฎุตูุต ุงูุฌุฑุงุฆู ุงูุชู ุชูุชุณู ุตุจุบุฉ ุงูุฌูุงูุงุช ุงููุชู ุฎุทูุฑุฉ ูุฐู ุงูุฌุฑุงุฆู ุนูู ุงููุฌุชูุน ูุฎุทูุฑุฉ ููุชุฑูููุง ุจุญูุซ ุชุณุชุฏุนู ุงูุชุฏุฎู ุงูุณุฑูุน ูุฑุฏุนูู ู ุงูุฒุฌ ุจูู ุจุงูุณุฌู ุจูุฌุฑุฏ ุงููุงุก ุงููุจุถ ุนูููู. ุงูุง ุงุฐุง ูุงู ุงูุญูู ุงูุบูุงุจู ูุฏ ูุถู ุจุนููุจุฉ ุงูุงุนุฏุงู ูุงูู ููุน ุงูุฏุงุน ุงููุญููู ุนููู ุจุงูุณุฌู ุญุงู ุงููุงุก ุงููุจุถ ุนููู. ุงูุง ุงู ุงุนุชุฑุงุถู ุนูู ุฐูู ุงูุญูู ูููู ุชูููุฐู ู ูุง ูููุฐ ุนููู ุงูุง ุจุนุฏ ุงูุจุช ูู ูุทูุจ ุงูุงุนุชุฑุงุถ. *ุงูุญูู ุงูุบูุงุจู ุงููุงุถู ",AR,Thu Feb 12 2026 09:48:37 GMT+0100 (heure normale dโEurope centrale)
349b7b82-2913-4fc5-988f-9b2ed514d28c,"ูุญุงุถุฑุฉ ุงูุงูุณุชุงุฐ ุฑูุงุถ ุณููุฏ.doc",google_drive,"ุชุทุจููุง ููุจุฏุง ุนุฏู ุฌูุงุฒ ุงููุนุงุฑุถุฉ ุนูู ุงููุนุงุฑุถุฉ ุงูุง ุงูู ูุจูู ูุงุจูุง ููุทุนู ุจูุฌู ุงูุงุณุชุฆูุงู ุชุทุจููุง ูุงุญูุงู ุงููุตู 183 ูู ูู ุง ุฌ ุงูุฐู ูุต ุนูู ุงูู :* ุงุฐุง ูู ูุญุถุฑ ุงููุนุชุฑุถ ูุญูู ุจุฑูุถ ุงุนุชุฑุงุถู ุจุฏูู ุชุงูู ูู ุงูุงุตู ู ูุง ูุชุณูู ูู ุงูุทุนู ูู ูุฐุง ุงูุญูู ุงูุง ุจุทุฑูู ุงูุงุณุชุฆูุงู . * - ุงู ุงูุงุซุฑ ุงูุงูุบุงุฆู ููุญูู ุงูุบูุงุจู ูุจุชุฏุฆ ููุนููู ูู ุชุงุฑูุฎ ุงูุญูู ุจูุจูู ุงูุงุนุชุฑุงุถ ุดููุง ุจุฎูุงู ุงูุงุซุฑ ุงูุชุนูููู ุงูุฐู ุชูุชุฌ ุงุซุงุฑู ุจูุฌุฑุฏ ุงูุชุตุฑูุญ ุจุงููุนุงุฑุถุฉ ุงูุงู ูุชุงุจุฉ ุงููุญููุฉ ุงู ูุจู ุงูุจุช ูู ูุทูุจ ุงูุงุนุชุฑุงุถ . ููุฎุชูู ุงููุงูููู ุงูุชููุณู ูู ูุฐู ุงููุณุงูุฉ ูุน ุนุฏุฉ ููุงููู ุงุฎุฑ",AR,Thu Feb 12 2026 09:48:37 GMT+0100 (heure normale dโEurope centrale)
349b7b82-2913-4fc5-988f-9b2ed514d28c,"ูุญุงุถุฑุฉ ุงูุงูุณุชุงุฐ ุฑูุงุถ ุณููุฏ.doc",google_drive,"ููุง ุงูู ุงุฐุง ูุงู ุงูุญูู ุงูุบูุงุจู ููุถู ุจุงูููุงุฐ ุงูุนุงุฌู ุจุงููุณุจุฉ ููุนููุจุฉ ุงูุจุฏููุฉ ุชุทุจููุง ูุงุญูุงู ุงููุตู 173 ูู ู ุง ุฌ ูุงู ุงูุชุตุฑูุญ ุจูุจูู ุงูุงุนุชุฑุงุถ ุดููุง ููุบู ูุถููู ุฐูู ุงูุญูู ู ูุตุจุญ ุงููุนุชุฑุถ ุจุญุงูุฉ ุณุฑุงุญ ุงู ููุน ุชูุฏููู ูููุญููุฉ ุจุญุงูุฉ ุงููุงู ุงุซุฑ ุชูููุฐ ููุดูุฑ ุงูุชูุชูุด ุงู ุชูุฏู ุงููุนุชุฑุถ ุชููุงุฆูุง ุงูููุง . ุงูุง ุงูู ูููู ูููุญููุฉ ุจุนุฏ ุงููุธุฑ ูุฌุฏุฏุง ูู ุงููุถูุฉ ุงู ุชุญูู ุนููู ุจุญูู ุฌุฏูุฏ ููุถู ูุถูููู ุจุงูููุงุฐ ุงูุนุงุฌู ููุง ููููุง ุงู ุชุตุฏุฑ ูู ุดุงูู ุจุทุงูุฉ ุงูุฏุงุน ูู ุญุงูุฉ ุชุงุฎูุฑ ุงููุถูุฉ ูุงู ุณุจุจ ูุงู ุชุทุจููุง ูุงุญูุงู ุงููุตููู 173 ู ุงููุตู169 ูู ู ุง ุฌ ุงูุฐู ูุต ูู",AR,Thu Feb 12 2026 09:48:37 GMT+0100 (heure normale dโEurope centrale)
349b7b82-2913-4fc5-988f-9b2ed514d28c,"ูุญุงุถุฑุฉ ุงูุงูุณุชุงุฐ ุฑูุงุถ ุณููุฏ.doc",google_drive,"ููุง . ูุญูุซ ุงู ุชูุณู ุงูุทุงุนู ูู ุงู ูุงุชุจ ุงููุญููุฉ ููุฒู ุจุนุฏ ุฐูู ุจุงุนูุงู ุงููุนุชุฑุถ ุดุฎุตูุง ุจููุนุฏ ุงูุฌูุณุฉ ููู ุชุงููู ูุงูุฏ ููุงุณุงุณ ุงููุงูููู ููุฎุงูู ูููุชุถูุงุช ุงููุตู 175 ูู ู.ุง.ุฌ ูุงูููุงุนุฏ ุงููุนููู ุจูุง ูู ูุงุฏุฉ ุงูุงุนูุงู ุจุงูุฌูุณุงุช ู ุจุงูุงุญูุงู ููุชุนุฐุฑ ุงูุชูููุฐ ุจูุง ูุคุฏู ุงูู ุชุนุทูู ุตุฏูุฑ ุงูุงุญูุงู ุงู ุชุนุทูู ุชูููุฐูุง . ูุงููุตู 175 ูู ู ุง ุฌ ุงูุฌุจ ุนูู ูุงุชุจ ุงููุญููุฉ ุงุนูุงู ุงููุนุชุฑุถ ู ูู ููุฌุจ ุงู ูููู ุงูุงุนูุงู ุดุฎุตูุง ูููุตุฑู ูููุนูู ุงูุงุตุทูุงุญู ู ูู ุงูุงุนูุงู ุงููุงูููู ููุชู ุงูุงุนูุงู ููุดุฎุต ููุณู ุงู ุจูุงุณุทุฉ ู ุงููุงุณุทุฉ ูู ูุฐู ุงูุญุงูุฉ ูู ุงููุงุฆุจ ุงูุฐู ูุฏู ุงูุงุนุชุฑุงุถ",AR,Thu Feb 12 2026 09:48:37 GMT+0100 (heure normale dโEurope centrale)
c6731490-cf8e-4f72-9c91-df2db07eedd4,"ูุญุงุถุฑุฉ ุงูุงูุณุชุงุฐ ุฑูุงุถ ุณููุฏ.doc",google_drive,". ุงูุฌููุฒุก ุงูุซููุงูู: ุงูุงุซุงุฑ ุงููุงููููุฉ ููุงุนุชุฑุงุถ ููุฏ ูุต ุงููุตู 180 ูู ู ุง ุฌ ุนูู ุงู: *ุงูุงุนุชุฑุงุถ ูููู ุงูุชูููุฐ *. ููุง ูุต ุงููุตู 182 ูู ู. ุง.ุฌ ุจููุฑุชู ุงูุงููู ุนูู ุงูู : * ุงุฐุง ุญุถุฑ ุงููุนุชุฑุถ ููุงู ุงุนุชุฑุงุถู ููุจููุง ุดููุง ูุงู ุงูุญูู ููุบู ุจุงููุณุจุฉ ูุฌููุน ุงูุงูุฌู ุงููุนุชุฑุถ ูู ุดุงููุง . * ู ุงููุชุงูู ูู ุงุญูุงู ูุฐูู ุงููุตููู ูุณุชูุชุฌ ุงูุฑูู ุงุซููู : ุงูุงูุฑ ุงูุงูู : ุงู ุนุจุงุฑุฉ ุงูุงุนุชุฑุงุถ ุงููุงุฑุฏุฉ ุจุงููุตููู ุงููุฐููุฑูู ูุฏ ูุฑุฏุช ุนุงูุฉ ุจุญูุซ ุชูุณุญุจ ุนูู ุฌููุน ุงูุงุญูุงู ุฏูู ุงุณุชุซูุงุก ุณูุงุก ูุงูุช ุงุจุชุฏุงุฆูุฉ ุงูุฏุฑุฌุฉ ุงู ููุงุฆูุฉ ููุง ุชุดูู ุงูุถุง ุงูุญูู ุงูุบูุงุจู ุจูุฑุนูู ุงูุฌุฒุงุฆู",AR,Thu Feb 12 2026 16:03:55 GMT+0100 (heure normale dโEurope centrale)
c6731490-cf8e-4f72-9c91-df2db07eedd4,"ูุญุงุถุฑุฉ ุงูุงูุณุชุงุฐ ุฑูุงุถ ุณููุฏ.doc",google_drive,"ุงููุญููู ุจู ูู ุงูุงุนุฏุงู ูุงู ุงููุนุชุฑุถ ูุณุฌูุ ู ูุง ูููุฐ ุงูุนูุงุจ ุงูุง ุจุนุฏ ุงูุจุช ูู ุงูุงุนุชุฑุงุถ .* ููุฐุง ุงูุงุณุชุซูุงุก ุงูุฐู ุงูุฑู ุงููุดุฑุน ูู ุฎุตูุต ุงูุฌุฑุงุฆู ุงูุชู ุชูุชุณู ุตุจุบุฉ ุงูุฌูุงูุงุช ุงููุชู ุฎุทูุฑุฉ ูุฐู ุงูุฌุฑุงุฆู ุนูู ุงููุฌุชูุน ูุฎุทูุฑุฉ ููุชุฑูููุง ุจุญูุซ ุชุณุชุฏุนู ุงูุชุฏุฎู ุงูุณุฑูุน ูุฑุฏุนูู ู ุงูุฒุฌ ุจูู ุจุงูุณุฌู ุจูุฌุฑุฏ ุงููุงุก ุงููุจุถ ุนูููู. ุงูุง ุงุฐุง ูุงู ุงูุญูู ุงูุบูุงุจู ูุฏ ูุถู ุจุนููุจุฉ ุงูุงุนุฏุงู ูุงูู ููุน ุงูุฏุงุน ุงููุญููู ุนููู ุจุงูุณุฌู ุญุงู ุงููุงุก ุงููุจุถ ุนููู. ุงูุง ุงู ุงุนุชุฑุงุถู ุนูู ุฐูู ุงูุญูู ูููู ุชูููุฐู ู ูุง ูููุฐ ุนููู ุงูุง ุจุนุฏ ุงูุจุช ูู ูุทูุจ ุงูุงุนุชุฑุงุถ. *ุงูุญูู ุงูุบูุงุจู ุงููุงุถู ",AR,Thu Feb 12 2026 16:03:55 GMT+0100 (heure normale dโEurope centrale)
c6731490-cf8e-4f72-9c91-df2db07eedd4,"ูุญุงุถุฑุฉ ุงูุงูุณุชุงุฐ ุฑูุงุถ ุณููุฏ.doc",google_drive,"ุชุทุจููุง ููุจุฏุง ุนุฏู ุฌูุงุฒ ุงููุนุงุฑุถุฉ ุนูู ุงููุนุงุฑุถุฉ ุงูุง ุงูู ูุจูู ูุงุจูุง ููุทุนู ุจูุฌู ุงูุงุณุชุฆูุงู ุชุทุจููุง ูุงุญูุงู ุงููุตู 183 ูู ูู ุง ุฌ ุงูุฐู ูุต ุนูู ุงูู :* ุงุฐุง ูู ูุญุถุฑ ุงููุนุชุฑุถ ูุญูู ุจุฑูุถ ุงุนุชุฑุงุถู ุจุฏูู ุชุงูู ูู ุงูุงุตู ู ูุง ูุชุณูู ูู ุงูุทุนู ูู ูุฐุง ุงูุญูู ุงูุง ุจุทุฑูู ุงูุงุณุชุฆูุงู . * - ุงู ุงูุงุซุฑ ุงูุงูุบุงุฆู ููุญูู ุงูุบูุงุจู ูุจุชุฏุฆ ููุนููู ูู ุชุงุฑูุฎ ุงูุญูู ุจูุจูู ุงูุงุนุชุฑุงุถ ุดููุง ุจุฎูุงู ุงูุงุซุฑ ุงูุชุนูููู ุงูุฐู ุชูุชุฌ ุงุซุงุฑู ุจูุฌุฑุฏ ุงูุชุตุฑูุญ ุจุงููุนุงุฑุถุฉ ุงูุงู ูุชุงุจุฉ ุงููุญููุฉ ุงู ูุจู ุงูุจุช ูู ูุทูุจ ุงูุงุนุชุฑุงุถ . ููุฎุชูู ุงููุงูููู ุงูุชููุณู ูู ูุฐู ุงููุณุงูุฉ ูุน ุนุฏุฉ ููุงููู ุงุฎุฑ",AR,Thu Feb 12 2026 16:03:55 GMT+0100 (heure normale dโEurope centrale)
c6731490-cf8e-4f72-9c91-df2db07eedd4,"ูุญุงุถุฑุฉ ุงูุงูุณุชุงุฐ ุฑูุงุถ ุณููุฏ.doc",google_drive,"ููุง ุงูู ุงุฐุง ูุงู ุงูุญูู ุงูุบูุงุจู ููุถู ุจุงูููุงุฐ ุงูุนุงุฌู ุจุงููุณุจุฉ ููุนููุจุฉ ุงูุจุฏููุฉ ุชุทุจููุง ูุงุญูุงู ุงููุตู 173 ูู ู ุง ุฌ ูุงู ุงูุชุตุฑูุญ ุจูุจูู ุงูุงุนุชุฑุงุถ ุดููุง ููุบู ูุถููู ุฐูู ุงูุญูู ู ูุตุจุญ ุงููุนุชุฑุถ ุจุญุงูุฉ ุณุฑุงุญ ุงู ููุน ุชูุฏููู ูููุญููุฉ ุจุญุงูุฉ ุงููุงู ุงุซุฑ ุชูููุฐ ููุดูุฑ ุงูุชูุชูุด ุงู ุชูุฏู ุงููุนุชุฑุถ ุชููุงุฆูุง ุงูููุง . ุงูุง ุงูู ูููู ูููุญููุฉ ุจุนุฏ ุงููุธุฑ ูุฌุฏุฏุง ูู ุงููุถูุฉ ุงู ุชุญูู ุนููู ุจุญูู ุฌุฏูุฏ ููุถู ูุถูููู ุจุงูููุงุฐ ุงูุนุงุฌู ููุง ููููุง ุงู ุชุตุฏุฑ ูู ุดุงูู ุจุทุงูุฉ ุงูุฏุงุน ูู ุญุงูุฉ ุชุงุฎูุฑ ุงููุถูุฉ ูุงู ุณุจุจ ูุงู ุชุทุจููุง ูุงุญูุงู ุงููุตููู 173 ู ุงููุตู169 ูู ู ุง ุฌ ุงูุฐู ูุต ูู",AR,Thu Feb 12 2026 16:03:55 GMT+0100 (heure normale dโEurope centrale)
c6731490-cf8e-4f72-9c91-df2db07eedd4,"ูุญุงุถุฑุฉ ุงูุงูุณุชุงุฐ ุฑูุงุถ ุณููุฏ.doc",google_drive,"ููุง . ูุญูุซ ุงู ุชูุณู ุงูุทุงุนู ูู ุงู ูุงุชุจ ุงููุญููุฉ ููุฒู ุจุนุฏ ุฐูู ุจุงุนูุงู ุงููุนุชุฑุถ ุดุฎุตูุง ุจููุนุฏ ุงูุฌูุณุฉ ููู ุชุงููู ูุงูุฏ ููุงุณุงุณ ุงููุงูููู ููุฎุงูู ูููุชุถูุงุช ุงููุตู 175 ูู ู.ุง.ุฌ ูุงูููุงุนุฏ ุงููุนููู ุจูุง ูู ูุงุฏุฉ ุงูุงุนูุงู ุจุงูุฌูุณุงุช ู ุจุงูุงุญูุงู ููุชุนุฐุฑ ุงูุชูููุฐ ุจูุง ูุคุฏู ุงูู ุชุนุทูู ุตุฏูุฑ ุงูุงุญูุงู ุงู ุชุนุทูู ุชูููุฐูุง . ูุงููุตู 175 ูู ู ุง ุฌ ุงูุฌุจ ุนูู ูุงุชุจ ุงููุญููุฉ ุงุนูุงู ุงููุนุชุฑุถ ู ูู ููุฌุจ ุงู ูููู ุงูุงุนูุงู ุดุฎุตูุง ูููุตุฑู ูููุนูู ุงูุงุตุทูุงุญู ู ูู ุงูุงุนูุงู ุงููุงูููู ููุชู ุงูุงุนูุงู ููุดุฎุต ููุณู ุงู ุจูุงุณุทุฉ ู ุงููุงุณุทุฉ ูู ูุฐู ุงูุญุงูุฉ ูู ุงููุงุฆุจ ุงูุฐู ูุฏู ุงูุงุนุชุฑุงุถ",AR,Thu Feb 12 2026 16:03:55 GMT+0100 (heure normale dโEurope centrale)
77ea7cb4-1e5b-4f3d-bcd0-5a82a7ae0e6f,"Projet du Code des Changes 2024 - Article 53 - ูุงููู ๐น๐ณ",legislation,"Article 53 Projet du Code des Changes 2024 Sont abrogรฉes, toutes dispositions antรฉrieures contraires ou faisant double emploi avec celles dudit code et notamment : la loi nยฐ76-18 du 21 janvier 1976, portant refonte et codification de la lรฉgislation des changes et du commerce extรฉrieur rรฉgissant les relations entre la Tunisie et les pays รฉtrangers telle que modifiรฉe par les textes subsรฉquents ; le dรฉcret nยฐ77-608 du 27 juillet 1977, fixant les conditions d'application de la loi nยฐ76-18 du 21 janv",MIXED,Thu Feb 12 2026 10:43:39 GMT+0100 (heure normale dโEurope centrale)
5723348a-a815-4dd4-9758-555b07b31cf6,"ูุฌูุฉ ุงูุฅุฌุฑุงุกุงุช ุงูุฌุฒุงุฆูุฉ - ุงููุตู 182 - ูุงููู ๐น๐ณ",legislation,"ุงููุตู 182 ูุฌูุฉ ุงูุงุฌุฑุงุกุงุช ุงูุฌุฒุงุฆูุฉ ุงุฐุง ุญุถุฑ ููุงู ุงุนุชุฑุงุถู ููุจููุง ุดููุงุ ูุงู ุงูุญูู ููุบู ุจุงููุณุจุฉ ูุฌููุน ุงูุงูุฌู ูู ุดุงููุง ุณูุงุก ูุงูุช ุตุจุบุชูุง ูุฏููุฉ ุงู ุฌุฒุงุฆูุฉ ููุนุงุฏ ุงูุญูู ูู ุงููุถูุฉ ููุง ูุฒูู ูุงุณุชุฏุนุงุก ุงูุดููุฏ ุงูุฐูู ุณุจู ุณูุงุนูู ุจุงูุฌูุณุฉ ุงูุตุงุฏุฑ ูููุง ุงูุญูู ูุงุบูุงุจู.ููุง ููุชูุน ุจุงูุงุนุชุฑุงุถ ุงูุง ูู ูุงู ุจู.",AR,Thu Feb 12 2026 10:22:28 GMT+0100 (heure normale dโEurope centrale)
bd6f526f-e90e-4630-b86f-117b4aa22d7b,"ูุฌูุฉ ุงูุฅุฌุฑุงุกุงุช ุงูุฌุฒุงุฆูุฉ - ุงููุตู 359 - ูุงููู ๐น๐ณ",legislation,"ุงููุตู 359 ูุฌูุฉ ุงูุงุฌุฑุงุกุงุช ุงูุฌุฒุงุฆูุฉ (ููุญ ุจุงููุงููู ุนุฏุฏ 73 ูุณูุฉ 2001 ุงููุคุฑุฎ ูู 11 ุฌููููุฉ 2001).- ุงุฐุง ูู ุฌุฏูุฏ ุนูู ุงููุชูุชุน ุจุงูุณุฑุงุญ ุงูุดุฑุทู ุงู ุฎุงูู ุงูุดุฑูุท ุงูุชู ูุถุนุช ูุณุฑุงุญุฉ ุฌุงุฒ ููุฒูุฑ ุงูุนุฏู ุงู ููุบู ุงูุณุฑุงุญ ุจูุฑุงุฑ ุจุนุฏ ุงุฎุฐ ุฑุงู .ููู ุตูุฑุฉ ุงูุชุงูุฏ ูุฌูุฒ ููููู ุงูุฌูููุฑูุฉ ุงู ูุงุฐู ุจุงููุงู ุงููุนูู ุจุงูุงูุฑ ุชุญูุธูุงุ ุนูู ุงู ูุฑูุน ุงูุงูุฑ ุญุงูุง ุงูู ุงูุณุฑุงุญ ุงูุดุฑุทู.",AR,Thu Feb 12 2026 10:23:45 GMT+0100 (heure normale dโEurope centrale)
c07425d2-ae53-4f18-822b-82fa2653016a,"ูุฌูุฉ ุงูุชุฌุงุฑุฉ ุงูุจุญุฑูุฉ - ุงููุตู 251 - ูุงููู ๐น๐ณ",legislation,"ุงููุตู 251 ูุฌูุฉ ุงูุชุฌุงุฑุฉ ุงูุจุญุฑูุฉ ูุนูู ุงูุญุงูู ุงูุงุฌุฑ ุญุณุจ ุงูุธุฑูู ุนูู ุงุณุงุณ: - ุงููุฌุงุญ ุงูุญุงุตูุ ููุฌููุฏุงุช ุงููุณุนููู ููุถูููุ ูุงูุฎุทุฑ ุงูุฐู ุชุนุฑุถุช ูู ุงูุณูููุฉ ุงููุณุงุนุฏุฉ ูุฑูุงุจูุง ูุทุงูููุง ูุญูููุชูุง ูุงููููุฐูู ูุงูุณูููุฉ ุงููุงุฆูุฉ ุจุงูุงููุงุฐุ ูุงููุฏุฉ ุงููุณุชุบุฑูุฉุ ูุงููุตุงุฑูู ูุงูุงุถุฑุงุฑ ุงูุญุงุตูุฉุ ูุงุฎุทุงุฑ ุงููุณุคูููุฉ ูุบูุฑูุง ูู ุงูุงุฎุทุงุฑ ุงูุชู ุชุนุฑุถ ููุง ุงููููุฐููุ ููููุฉ ุงูุงุฏูุงุช ุงูุชู ุงุณุชุนููููุง ูุน ูุฑุงุนุงุฉ ุงุนุฏุงุฏ ูุงุฎุชุตุงุต ุงูุณูููุฉ ุงููุงุฆูุฉ ุจุงููุณุงุนุฏุฉ ุนูุฏ ุงูุงูุชุถุงุกุ ุฐูู ูู ุฌูุฉ. - ููู ุงุฎุฑู ูููุฉ ุงูุงุดูุงุก ุงูุชู ุงููุฐุช. ูุชูุทุจู ููุณ ุงูุงุญูุงู ุนูู ุชูุฒูุน ุงูุงุฌุฑ ุงูููุตู",AR,Thu Feb 12 2026 10:41:35 GMT+0100 (heure normale dโEurope centrale)
1e44c82c-fd77-454c-9877-fd7c3659e268,"ูุฌูุฉ ุงูุตุญุงูุฉ - ูุงููู ๐น๐ณ",legislation,"ูุฌูุฉ ุงูุตุญุงูุฉ ABROGE PAR LE DECRET-LOI Nยฐ2011-115 du 2 NOVEMBRE 2011 Loi nยฐ 1975-32 Jort nยฐ 29 du 28 avril 1975 ุงููุตู 1",MIXED,Thu Feb 12 2026 09:52:50 GMT+0100 (heure normale dโEurope centrale)
c4436f01-18e4-4208-89c6-f266242beb11,"ูุดุฑูุน ูุงููู ูุชุนูู ุจุชูุธูู ุนููุฏ ุงูุดุบู ูููุน ุงูููุงููุฉ - ุงููุตู 4 - ูุงููู ๐น๐ณ",legislation,"ุงููุตู 4 ูุดุฑูุน ูุงููู ูุชุนูู ุจุชูุธูู ุนููุฏ ุงูุดุบู ูููุน ุงูููุงููุฉ ููุบู ุงููุตูุงู 28 ู29 ูู ุงููุตูู ุงููุงุฑุฏุฉ ุจุงููุตู 234 ูู ูุฌูุฉ ุงูุดุบู. ููุง ููุบู ุงููุตู 30 ูู ุงููุตูู ุงููุงุฑุฏุฉ ุจุงููุตู 234 ููุฑุฑ ูู ูุฌูุฉ ุงูุดุบู.",AR,Thu Feb 12 2026 10:16:54 GMT+0100 (heure normale dโEurope centrale)